{"cameraMode":{"drawMode":0,"name":"Shaded","section":"Shading Mode"},"sceneLighting":false,"audioPlay":false,"sceneViewState":{"showFog":true,"showMaterialUpdate":false,"showSkybox":true,"showFlares":true,"showImageEffects":true,"showParticleSystems":true},"in2DMode":false,"pivot":{"x":-10.117722511291504,"y":12.521785736083985,"z":103.2542495727539},"rotation":{"x":0.03357807919383049,"y":-0.7050679922103882,"z":0.033457305282354358,"w":0.7075536847114563},"size":15.469222068786621,"orthographic":false}