{"cameraMode":{"drawMode":0,"name":"Shaded","section":"Shading Mode"},"sceneLighting":true,"audioPlay":false,"sceneViewState":{"showFog":true,"showMaterialUpdate":false,"showSkybox":true,"showFlares":true,"showImageEffects":true,"showParticleSystems":true},"in2DMode":false,"pivot":{"x":-18.670454025268556,"y":18.17627716064453,"z":100.30691528320313},"rotation":{"x":-0.009912197478115559,"y":-0.7713690400123596,"z":-0.012020772323012352,"w":0.6361974477767944},"size":22.918437957763673,"orthographic":false}