{"cameraMode":{"drawMode":0,"name":"Shaded","section":"Shading Mode"},"sceneLighting":false,"audioPlay":false,"sceneViewState":{"showFog":true,"showMaterialUpdate":false,"showSkybox":true,"showFlares":true,"showImageEffects":true,"showParticleSystems":true},"in2DMode":false,"pivot":{"x":0.04000002145767212,"y":-2.059999942779541,"z":1.6699998378753663},"rotation":{"x":-0.006359197665005922,"y":0.47427207231521609,"z":-0.003424151800572872,"w":-0.8803486824035645},"size":6.75394868850708,"orthographic":false}